"","name","number","abbrev","peak.date","theo.ra","theo.dec","mean.ra","mean.dec","sdom","n.events","n.radiants","n.bad.events","n.bad.radiants","fishkent.p.value","vmf.mu.x","vmf.mu.y","vmf.mu.z","vmf.kappa","kent.mu.x","kent.mu.y","kent.mu.z","kent.kappa"
"...1","Quadrantids","010","QUA","20100103","230","49",248.460029960673,26.6377269835758,10.7165216033339,13,91,-1,-1,1.03726036926091e-07,-0.328180592724284,-0.831433574381099,0.448347755599386,2.04178280268209,-0.328180592724284,-0.831433574381099,0.448347755599386,2.33300924437199
"...2","α-Centaurids","102","ACE","20100208","210","-59",NA,NA,NA,0,0,NA,NA,NA,NA,NA,NA,NA,NA,NA,NA,NA
"...3","γ-Normids","118","GNO","20100314","239","-50",NA,NA,NA,0,0,NA,NA,NA,NA,NA,NA,NA,NA,NA,NA,NA
"...4","Lyrids","006","LYR","20100422","271","34",NA,NA,NA,1,0,NA,NA,NA,NA,NA,NA,NA,NA,NA,NA,NA
"...5","π-Puppids","137","PPU","20100423","110","-45",NA,NA,NA,0,0,NA,NA,NA,NA,NA,NA,NA,NA,NA,NA,NA
"...6","η-Aquariids","031","ETA","20100506","338","-1",NA,NA,NA,0,0,NA,NA,NA,NA,NA,NA,NA,NA,NA,NA,NA
"...7","η-Lyrids","145","ELY","20100509","287","44",NA,NA,NA,0,0,NA,NA,NA,NA,NA,NA,NA,NA,NA,NA,NA
"...8","June Bootids","170","JBO","20100627","224","48",NA,NA,NA,0,0,NA,NA,NA,NA,NA,NA,NA,NA,NA,NA,NA
"...9","Piscis Austr.","183","PAU","20100728","341","-30",19.1360383680637,52.0648740447039,9.9909916226035,6,21,-1,-1,0.0887249761895773,0.5807985054532,0.201528724510664,0.788707340691358,4.69818414771882,0.5807985054532,0.201528724510664,0.788707340691358,5.54184644147709
"...10","S. δ-Aquariids","005","SDA","20100728","339","-16",19.1360383680637,52.0648740447039,9.9909916226035,6,21,-1,-1,0.0887249761895773,0.5807985054532,0.201528724510664,0.788707340691358,4.69818414771882,0.5807985054532,0.201528724510664,0.788707340691358,5.54184644147709
"...11","α-Capricornids","001","CAP","20100730","307","-10",0.877636765024696,-35.6707421218231,17.8212777410448,5,15,-1,-1,0.000806633914437653,0.812286101324871,0.0124432883701392,-0.583126447838699,1.72272651110833,0.812286101324871,0.012443288370139,-0.583126447838699,2.80184420627169
"...12","Perseids","007","PER","20100812","48","58",41.1723630835187,58.8831791048191,2.08767313027849,82,3403,-1,-1,0.564575765050078,0.389000653834765,0.340213031224605,0.856115403845236,9.0749067113468,0.389000653834765,0.340213031224605,0.856115403845236,9.1006592402272
"...13","κ-Cygnids","012","KCG","20100818","286","59",59.3118256111974,58.1996291732243,19.2263217253726,10,55,-1,-1,0.115481197482872,0.268942832225883,0.453164385846604,0.849889282433065,0.807346875716378,0.268942832225883,0.453164385846604,0.849889282433065,0.843043788543791
"...14","Aurigids","206","AUR","20100901","84","42",58.3411344586061,34.193744355632,20.1687236610526,4,10,-1,-1,0.260239990572454,0.434134289732197,0.704053410550673,0.561993072529089,1.61405537086992,0.434134289732197,0.704053410550673,0.561993072529089,1.75307534896138
"...15","Sept. ε-Perseids","208","SPE","20100909","60","47",NA,NA,NA,0,0,NA,NA,NA,NA,NA,NA,NA,NA,NA,NA,NA
"...16","δ-Aurigids","224","DAU","20100929","82","49",NA,NA,NA,0,0,NA,NA,NA,NA,NA,NA,NA,NA,NA,NA,NA
"...17","Draconids","009","DRA","20101008","262","54",NA,NA,NA,0,0,NA,NA,NA,NA,NA,NA,NA,NA,NA,NA,NA
"...18","ε-Geminids","023","EGE","20101018","102","27",NA,NA,NA,0,0,NA,NA,NA,NA,NA,NA,NA,NA,NA,NA,NA
"...19","Orionids","008","ORI","20101021","95","16",91.75607060367,15.5384119526867,3.67257093236476,36,666,-1,-1,0.0682716235149947,-0.0295243952256805,0.962998590864451,0.267884348328975,6.57814065878649,-0.0295243952256805,0.962998590864451,0.267884348328975,6.63658891518431
"...20","Leonis Minorids","022","LMI","20101023","161","38",105.052890702074,4.51408267096007,16.7363620175441,5,15,-1,-1,0.0196540763131142,-0.258904979874044,0.96269095360877,0.0787041246457778,1.95331323070837,-0.258904979874044,0.96269095360877,0.0787041246457778,2.4381243589595
"...21","S. Taurids","002","STA","20101105","52","15",96.1570071808371,25.8645631028656,12.7676367141623,10,55,-1,-1,0.0778007523671315,-0.0965095404199921,0.894637308997546,0.436245336889176,1.83076055136621,-0.0965095404199922,0.894637308997546,0.436245336889176,1.88254623454552
"...22","N. Taurids","017","NTA","20101112","58","22",262.309345861547,-38.6456632124943,24.8582480746947,2,3,-1,-1,0.397766958358308,-0.104520043609509,-0.773997739532335,-0.624502249541747,1.77085488794051,-0.104520043609508,-0.773997739532335,-0.624502249541747,2.29775431934841
"...23","Leonids","013","LEO","20101117","152","22",146.54156274391,27.8649612620131,13.9688380519574,5,15,-1,-1,0.00236833913557369,-0.737551876133326,0.487405890986499,0.467389267574544,2.80397056124346,-0.737551876133326,0.487405890986499,0.467389267574544,5.07546737158995
"...24","α-Monocerotids","246","AMO","20101121","117","1",NA,NA,NA,0,0,NA,NA,NA,NA,NA,NA,NA,NA,NA,NA,NA
"...25","Phoenicids","254","PHO","20101206","18","-53",NA,NA,NA,1,0,NA,NA,NA,NA,NA,NA,NA,NA,NA,NA,NA
"...26","Puppid-Velids","301","PUP","20101207","123","-45",54.6663216014265,22.0505303657223,15.2102401941432,7,28,-1,-1,0.0145238333581989,0.53603368426326,0.75612472274703,0.375424150776001,1.7737121182535,0.53603368426326,0.75612472274703,0.375424150776001,1.95901179210374
"...27","Monocerotids","019","MON","20101209","100","8",NA,NA,NA,0,0,NA,NA,NA,NA,NA,NA,NA,NA,NA,NA,NA
"...28","σ-Hydrids 016","016","HYD","20101215","260","127",NA,NA,NA,1,0,NA,NA,NA,NA,NA,NA,NA,NA,NA,NA,NA
"...29","Geminids","004","GEM","20101214","112","33",114.127295360889,32.7016722865745,1.89333717104293,108,5886,-1,-1,0.0381082379903251,-0.343973947125268,0.767981628481515,0.540264881344275,8.40161631513868,-0.343973947125268,0.767981628481515,0.540264881344275,8.43182814962181
"...30","Ursids","015","URS","20101222","217","76",NA,NA,NA,0,0,NA,NA,NA,NA,NA,NA,NA,NA,NA,NA,NA
"...31","Comae Ber.","020","COM","20101229","185","21",202.62826026159,45.7340046255691,0.725232429240002,3,6,-1,-1,0.525615421914445,-0.644259491579749,-0.268552251274818,0.716107111991377,1560.38167825138,-0.644259491579749,-0.268552251274818,0.716107111991376,1985.88004469736
"...32","﻿Quadrantids","010","QUA","20110104","230","49",227.186413051806,48.719128695328,6.19898267495675,19,190,-1,-1,0.0504423078051198,-0.448376734701002,-0.483972563076046,0.75148443893967,4.2714411182547,-0.448376734701002,-0.483972563076046,0.75148443893967,4.35665180968364
"...33","α-Centaurids","102","ACE","20110208","210","-59",246.427310094451,15.4766823297155,15.4310696548926,5,15,-1,-1,0.574292663518081,-0.385411038035444,-0.883318427990517,0.266846185156924,2.29774564237376,-0.385411038035444,-0.883318427990517,0.266846185156924,2.350969392157
"...34","γ-Normids","118","GNO","20110315","239","-50",184.991597437621,-37.3896586023933,11.5886676391623,2,3,-1,-1,0.182708140076269,-0.791510975927745,-0.0691312734981376,-0.607232444793948,8.14811209403613,-0.791510975927745,-0.0691312734981379,-0.607232444793948,104.852523341155
"...35","Lyrids","006","LYR","20110422","271","34",NA,NA,NA,0,0,NA,NA,NA,NA,NA,NA,NA,NA,NA,NA,NA
"...36","π-Puppids","137","PPU","20110424","110","-45",319.910812752108,47.9801176797461,16.0303653404298,2,3,-1,-1,0.122870575897514,0.512110908298865,-0.431072278754274,0.742912584420879,4.25830897224895,0.512110908298865,-0.431072278754274,0.742912584420879,39.123077115739
"...37","η-Aquariids","031","ETA","20110506","338","-1",329.95367052934,56.113109275326,19.3627795085927,6,21,-1,-1,0.684733598057421,0.482631378541235,-0.279167941604632,0.830139875459322,1.25086898604989,0.482631378541235,-0.279167941604632,0.830139875459322,1.26724370925238
"...38","η-Lyrids","145","ELY","20110509","287","44",NA,NA,NA,1,0,NA,NA,NA,NA,NA,NA,NA,NA,NA,NA,NA
"...39","June Bootids","170","JBO","20110627","224","48",NA,NA,NA,1,0,NA,NA,NA,NA,NA,NA,NA,NA,NA,NA,NA
"...40","Piscis Austr.","183","PAU","20110728","341","-30",NA,NA,NA,1,0,NA,NA,NA,NA,NA,NA,NA,NA,NA,NA,NA
"...41","S. δ-Aquariids","005","SDA","20110730","340","-16",33.820695939103,69.5675493686409,15.9814576075354,9,45,-1,-1,0.00105310829721777,0.290028870394122,0.194309153984014,0.93708441829748,1.28532362611178,0.290028870394121,0.194309153984014,0.93708441829748,1.36700513179693
"...42","α-Capricornids","001","CAP","20110730","307","-10",33.820695939103,69.5675493686409,15.9814576075354,9,45,-1,-1,0.00105310829721777,0.290028870394122,0.194309153984014,0.93708441829748,1.28532362611178,0.290028870394121,0.194309153984014,0.93708441829748,1.36700513179693
"...43","Perseids","007","PER","20110813","48","58",NA,NA,NA,0,0,NA,NA,NA,NA,NA,NA,NA,NA,NA,NA,NA
"...44","κ-Cygnids","012","KCG","20110818","286","59",26.4801820757999,52.5012720569735,14.4944930529908,6,21,-1,-1,3.51411700781468e-05,0.544879675169261,0.271431707952257,0.793366855562773,2.23224142802564,0.544879675169261,0.271431707952257,0.793366855562773,4.18563399492421
"...45","Aurigids","206","AUR","20110901","93","39",NA,NA,NA,0,0,NA,NA,NA,NA,NA,NA,NA,NA,NA,NA,NA
"...46","Sept. ε-Perseids","208","SPE","20110910","48","40",NA,NA,NA,0,0,NA,NA,NA,NA,NA,NA,NA,NA,NA,NA,NA
"...47","δ-Aurigids","224","DAU","20111012","84","44",NA,NA,NA,0,0,NA,NA,NA,NA,NA,NA,NA,NA,NA,NA,NA
"...48","Draconids","009","DRA","20111008","262","54",NA,NA,NA,0,0,NA,NA,NA,NA,NA,NA,NA,NA,NA,NA,NA
"...49","S. Taurids","002","STA","20111010","32","9",NA,NA,NA,0,0,NA,NA,NA,NA,NA,NA,NA,NA,NA,NA,NA
"...50","ε-Geminids","023","EGE","20111018","102","27",NA,NA,NA,0,0,NA,NA,NA,NA,NA,NA,NA,NA,NA,NA,NA
"...51","Orionids","008","ORI","20111021","95","16",NA,NA,NA,0,0,NA,NA,NA,NA,NA,NA,NA,NA,NA,NA,NA
"...52","Leonis Minorids","022","LMI","20111024","161","38",NA,NA,NA,0,0,NA,NA,NA,NA,NA,NA,NA,NA,NA,NA,NA
"...53","N. Taurids","017","NTA","20111112","58","22",NA,NA,NA,0,0,NA,NA,NA,NA,NA,NA,NA,NA,NA,NA,NA
"...54","Leonids","013","LEO","20111118","152","22",NA,NA,NA,0,0,NA,NA,NA,NA,NA,NA,NA,NA,NA,NA,NA
"...55","α-Monocerotids","246","AMO","20111122","117","1",NA,NA,NA,0,0,NA,NA,NA,NA,NA,NA,NA,NA,NA,NA,NA
"...56","Phoenicids","254","PHO","20111206","18","-53",NA,NA,NA,0,0,NA,NA,NA,NA,NA,NA,NA,NA,NA,NA,NA
"...57","Puppid-Velids","301","PUP","20111207","123","-45",NA,NA,NA,0,0,NA,NA,NA,NA,NA,NA,NA,NA,NA,NA,NA
"...58","Monocerotids","019","MON","20111209","100","8",NA,NA,NA,0,0,NA,NA,NA,NA,NA,NA,NA,NA,NA,NA,NA
"...59","σ-Hydrids","016","HYD","20111212","127","2",NA,NA,NA,0,0,NA,NA,NA,NA,NA,NA,NA,NA,NA,NA,NA
"...60","Geminids","004","GEM","20111214","112","33",NA,NA,NA,0,0,NA,NA,NA,NA,NA,NA,NA,NA,NA,NA,NA
"...61","Dec. L. Minorids","032","DLM","20111220","161","30",NA,NA,NA,0,0,NA,NA,NA,NA,NA,NA,NA,NA,NA,NA,NA
"...62","Comae Ber.","020","COM","20111216","175","18",NA,NA,NA,0,0,NA,NA,NA,NA,NA,NA,NA,NA,NA,NA,NA
"...63","Ursids","015","URS","20111223","217","76",NA,NA,NA,0,0,NA,NA,NA,NA,NA,NA,NA,NA,NA,NA,NA
"...64","﻿Quadrantids","010","QUA","20120104","230","49",NA,NA,NA,0,0,NA,NA,NA,NA,NA,NA,NA,NA,NA,NA,NA
"...65","α-Centaurids","102","ACE","20120208","210","-59",NA,NA,NA,0,0,NA,NA,NA,NA,NA,NA,NA,NA,NA,NA,NA
"...66","γ-Normids","118","GNO","20120314","239","-50",NA,NA,NA,0,0,NA,NA,NA,NA,NA,NA,NA,NA,NA,NA,NA
"...67","Lyrids","006","LYR","20120422","271","34",NA,NA,NA,0,0,NA,NA,NA,NA,NA,NA,NA,NA,NA,NA,NA
"...68","π-Puppids","137","PPU","20120423","110","-45",NA,NA,NA,0,0,NA,NA,NA,NA,NA,NA,NA,NA,NA,NA,NA
"...69","η-Aquariids","031","ETA","20120505","338","-1",NA,NA,NA,0,0,NA,NA,NA,NA,NA,NA,NA,NA,NA,NA,NA
"...70","η-Lyrids","145","ELY","20120508","287","44",NA,NA,NA,0,0,NA,NA,NA,NA,NA,NA,NA,NA,NA,NA,NA
"...71","June Bootids","170","JBO","20120627","224","48",310.660045772745,20.1469034377593,14.8599678383822,4,10,-1,-1,0.0911567932142878,0.611701732403786,-0.71217280844018,0.344428340141507,2.97330541316658,0.611701732403786,-0.71217280844018,0.344428340141507,3.92593912695883
"...72","Piscis Austr.","183","PAU","20120727","341","-30",NA,NA,NA,0,0,NA,NA,NA,NA,NA,NA,NA,NA,NA,NA,NA
"...73","S. δ-Aquariids","005","SDA","20120729","340","-16",NA,NA,NA,0,0,NA,NA,NA,NA,NA,NA,NA,NA,NA,NA,NA
"...74","α-Capricornids","001","CAP","20120729","307","-10",NA,NA,NA,0,0,NA,NA,NA,NA,NA,NA,NA,NA,NA,NA,NA
"...75","Perseids","007","PER","20120812","48","58",NA,NA,NA,1,0,NA,NA,NA,NA,NA,NA,NA,NA,NA,NA,NA
"...76","κ-Cygnids","012","KCG","20120817","286","59",43.4800117151963,54.656157492233,8.13289447014512,20,210,-1,-1,0.0725814012362773,0.419754879520477,0.398054292396439,0.815695176780837,2.36339164530688,0.419754879520477,0.398054292396439,0.815695176780837,2.36960571760227
"...77","Aurigids","206","AUR","20120831","91","39",NA,NA,NA,1,0,NA,NA,NA,NA,NA,NA,NA,NA,NA,NA,NA
"...78","Sept. ε-Perseids","208","SPE","20120909","48","40",64.3615862766791,44.4967108671292,7.3236409366077,8,36,-1,-1,0.0258867215475691,0.308633947153099,0.64306196224049,0.700868318148359,6.80062250399046,0.308633947153099,0.64306196224049,0.700868318148359,8.077873907946
"...79","Draconids","009","DRA","20121008","262","54",335.281432221368,27.5307095732045,9.42255615999277,2,3,-1,-1,0.872124316058884,0.805511507789542,-0.37081021102127,0.46222396976031,12.3249890159676,0.805511507789542,-0.37081021102127,0.46222396976031,13.4166295742429
"...80","S. Taurids","002","STA","20121010","32","9",86.7298152603371,63.7228946081254,18.4420835715006,5,15,-1,-1,0.0262265948041173,0.0252543412033964,0.441992034100866,0.896663403982654,1.60869622608268,0.0252543412033965,0.441992034100866,0.896663403982654,1.89189836782994
"...81","δ-Aurigids","224","DAU","20121011","84","44",NA,NA,NA,0,0,NA,NA,NA,NA,NA,NA,NA,NA,NA,NA,NA
"...82","ε-Geminids","023","EGE","20121018","102","27",NA,NA,NA,0,0,NA,NA,NA,NA,NA,NA,NA,NA,NA,NA,NA
"...83","Orionids","008","ORI","20121021","95","16",91.9566178887854,16.7671728413347,6.495391342479,15,120,-1,-1,0.129519014123767,-0.0326912046443761,0.9569266916908,0.288483260985105,4.86311610083328,-0.0326912046443762,0.9569266916908,0.288483260985105,4.98293564009624
"...84","Leonis Minorids","022","LMI","20121024","162","37",107.874032612942,16.9206836680942,8.34350144830102,10,55,-1,-1,0.517664051273094,-0.293638075259409,0.910531704804056,0.291047582543765,4.2870237384241,-0.293638075259409,0.910531704804056,0.291047582543765,4.35202901030877
"...85","N. Taurids","017","NTA","20121112","58","22",NA,NA,NA,0,0,NA,NA,NA,NA,NA,NA,NA,NA,NA,NA,NA
"...86","Leonids","013","LEO","20121117","152","22",129.542361131304,22.0207282884972,9.11948859873949,21,231,-1,-1,0.0966220657799865,-0.590203927752017,0.714897068373222,0.374942002578353,1.7942444625341,-0.590203927752017,0.714897068373222,0.374942002578353,1.79504367459903
"...87","α-Monocerotids","246","AMO","20121121","117","1",101.022562257951,42.7736957475928,16.1773817515003,4,10,-1,-1,0.00757149020993341,-0.140345495859583,0.720500091855443,0.679104380363008,2.50875812725475,-0.140345495859583,0.720500091855443,0.679104380363008,5.05373538378693
"...88","Phoenicids","254","PHO","20121206","18","-53",NA,NA,NA,0,0,NA,NA,NA,NA,NA,NA,NA,NA,NA,NA,NA
"...89","Puppid-Velids","301","PUP","20121206","123","-45",NA,NA,NA,0,0,NA,NA,NA,NA,NA,NA,NA,NA,NA,NA,NA
"...90","Monocerotids","019","MON","20121208","100","8",NA,NA,NA,0,0,NA,NA,NA,NA,NA,NA,NA,NA,NA,NA,NA
"...91","σ-Hydrids","016","HYD","20121211","127","2",NA,NA,NA,0,0,NA,NA,NA,NA,NA,NA,NA,NA,NA,NA,NA
"...92","Geminids","004","GEM","20121213","112","33",NA,NA,NA,0,0,NA,NA,NA,NA,NA,NA,NA,NA,NA,NA,NA
"...93","Comae Ber.","020","COM","20121215","175","18",NA,NA,NA,0,0,NA,NA,NA,NA,NA,NA,NA,NA,NA,NA,NA
"...94","Dec. L. Minorids","032","DLM","20121219","161","30",198.314460057539,14.2207277305643,15.3179202122159,2,3,-1,-1,0.137217733365595,-0.920254953148071,-0.304602901033838,0.245658083295077,4.66363340039669,-0.920254953148071,-0.304602901033838,0.245658083295077,41.4272543292767
"...95","Ursids","015","URS","20121222","217","76",182.005297320835,21.015072810875,14.802478304099,7,28,-1,-1,0.326416902077392,-0.93291444772544,-0.0326644490950812,0.358613534310198,1.87277848491987,-0.93291444772544,-0.0326644490950812,0.358613534310199,1.91631082906525
"...96","﻿Quadrantids","010","QUA","20130103","230","49",NA,NA,NA,0,0,NA,NA,NA,NA,NA,NA,NA,NA,NA,NA,NA
"...97","α-Centaurids","102","ACE","20130208","210","-59",226.67733449196,20.4906071808115,15.9436591034447,7,28,-1,-1,0.769954966834763,-0.64269597555139,-0.68147208620825,0.350053822617354,1.61428153024087,-0.64269597555139,-0.68147208620825,0.350053822617355,1.6157491365808
"...98","γ-Normids","118","GNO","20130314","239","-50",NA,NA,NA,0,0,NA,NA,NA,NA,NA,NA,NA,NA,NA,NA,NA
"...99","Lyrids","006","LYR","20130422","271","34",NA,NA,NA,0,0,NA,NA,NA,NA,NA,NA,NA,NA,NA,NA,NA
"...100","π-Puppids","137","PPU","20130423","110","-45",309.908716192863,31.5138672616739,16.8062427848708,4,10,-1,-1,0.0466989883544239,0.546944072653235,-0.653935589276235,0.522704913376023,2.32452378453039,0.546944072653235,-0.653935589276235,0.522704913376023,3.24608700933541
"...101","η-Aquariids","031","ETA","20130506","338","-1",337.731425362988,2.00618723155833,7.15652170307077,14,105,-1,-1,0.0455503488391592,0.924850469343465,-0.378716371471692,0.0350074182779752,4.27316852090274,0.924850469343464,-0.378716371471692,0.0350074182779753,4.43490173950226
"...102","η-Lyrids","145","ELY","20130508","287","44",NA,NA,NA,0,0,NA,NA,NA,NA,NA,NA,NA,NA,NA,NA,NA
"...103","June Bootids","170","JBO","20130627","224","48",266.356526502146,10.8917469456882,18.1475999723825,4,10,-1,-1,0.0796518193855276,-0.0624030066916825,-0.980001148906153,0.188953996778206,1.99359467700552,-0.0624030066916826,-0.980001148906153,0.188953996778207,2.46911182784202
"...104","Piscis Austrinids","183","PAU","20130728","341","-30",11.6719406473225,70.3479040860657,11.8485932732402,11,66,-1,-1,0.271778239243086,0.329353816833717,0.0680377024965232,0.941752055679231,1.94863471550217,0.329353816833717,0.0680377024965233,0.941752055679231,1.96263049100372
"...105","S. δ-Aquariids","005","SDA","20130730","340","-16",NA,NA,NA,0,0,NA,NA,NA,NA,NA,NA,NA,NA,NA,NA,NA
"...106","α-Capricornids","001","CAP","20130730","307","-10",NA,NA,NA,0,0,NA,NA,NA,NA,NA,NA,NA,NA,NA,NA,NA
"...107","Perseids","007","PER","20130812","48","58",51.7053301580612,55.6085085803153,1.52178116724709,109,5995,-1,-1,4.97092686753654e-30,0.350037516984239,0.443309155104298,0.825197388328527,12.8868914177349,0.350037516984239,0.443309155104298,0.825197388328527,13.1688844785492
"...108","κ-Cygnids","012","KCG","20130817","286","59",39.7853324795242,38.329328159896,11.6185440888911,15,120,-1,-1,0.00167736699118448,0.602815466003652,0.501985525087709,0.62018065638104,1.51992396077975,0.602815466003652,0.501985525087709,0.62018065638104,1.57182122279202
"...109","Aurigids","206","AUR","20130901","91","39",60.8750113351223,68.0321935270745,13.6801120215328,3,6,-1,-1,0.292241050552802,0.182073585810217,0.326786198617685,0.927394193287413,4.3853672214091,0.182073585810217,0.326786198617685,0.927394193287413,5.92033766118129
"...110","Sept. ε-Perseids","208","SPE","20130909","48","40",NA,NA,NA,0,0,NA,NA,NA,NA,NA,NA,NA,NA,NA,NA,NA
"...111","Draconids","009","DRA","20131008","262","54",64.2121341256994,43.4837331713653,13.6047417982921,10,55,-1,-1,0.0265420480385101,0.315652178278022,0.65331094959918,0.688148607120699,1.61239696513842,0.315652178278021,0.65331094959918,0.688148607120699,1.68103308456775
"...112","S. Taurids","002","STA","20131010","32","9",34.5635100866357,17.0936333922783,15.1548509724863,8,36,-1,-1,0.727718052607614,0.78712038823138,0.542258452295469,0.29393411735388,1.5881788762101,0.78712038823138,0.542258452295469,0.29393411735388,1.5893703128031
"...113","δ-Aurigids","224","DAU","20131011","84","44",72.9261646082584,-65.9356810469072,23.8579678618614,2,3,-1,-1,0.182324403112995,0.119720456497548,0.389790699354194,-0.913088288717464,1.92245911158318,0.119720456497548,0.389790699354194,-0.913088288717464,3.80767276024395
"...114","ε-Geminids","023","EGE","20131018","102","27",NA,NA,NA,0,0,NA,NA,NA,NA,NA,NA,NA,NA,NA,NA,NA
"...115","Orionids","008","ORI","20131021","95","16",NA,NA,NA,0,0,NA,NA,NA,NA,NA,NA,NA,NA,NA,NA,NA
"...116","Leonis Minorids","022","LMI","20131024","162","37",112.173609698422,17.4926918677867,17.5327500274036,4,10,-1,-1,0.184160995507542,-0.35996088154379,0.883219866627416,0.300584149536974,2.13587178468821,-0.35996088154379,0.883219866627416,0.300584149536974,2.43964525244185
"...117","N. Taurids","017","NTA","20131112","58","22",87.6324386379505,27.130722200797,11.463656980819,12,78,-1,-1,0.0880030859199389,0.03676457963504,0.889208715528912,0.456022176995462,1.92156706975366,0.0367645796350401,0.889208715528913,0.456022176995462,1.95336959507621
"...118","Leonids","013","LEO","20131117","152","22",NA,NA,NA,0,0,NA,NA,NA,NA,NA,NA,NA,NA,NA,NA,NA
"...119","α-Monocerotids","246","AMO","20131121","117","1",NA,NA,NA,1,0,NA,NA,NA,NA,NA,NA,NA,NA,NA,NA,NA
"...120","Phoenicids","254","PHO","20131206","18","-53",125.249318407791,3.86254366312904,12.2642172604095,15,120,-1,-1,4.18627006631354e-13,-0.575824529122031,0.81479342821664,0.067363053644907,1.36409812286948,-0.575824529122031,0.81479342821664,0.067363053644907,1.55998782913385
"...121","Puppid-Velids","301","PUP","20131207","123","-45",99.3402754757928,4.42467605671835,10.6089672007607,14,105,-1,-1,0.569192821645668,-0.161813772736498,0.98380100766518,0.0771484301185533,1.94449930524349,-0.161813772736498,0.98380100766518,0.0771484301185533,1.93743840220111
"...122","Monocerotids","019","MON","20131209","100","8",96.5540769426429,-3.26789387088479,21.8359745344644,7,28,-1,-1,0.63175232947356,-0.113955314208342,0.991849113093181,-0.0570045894639081,0.860617394259553,-0.113955314208342,0.991849113093181,-0.0570045894639082,0.880427042956589
"...123","σ-Hydrids","016","HYD","20131212","127","2",126.107130622124,22.3962532889444,8.57758224730699,21,231,-1,-1,0.0513808553217873,-0.544846803822515,0.746976173215329,0.38100991721079,2.02811604980217,-0.544846803822515,0.746976173215329,0.38100991721079,2.03199589738594
"...124","Geminids","004","GEM","20131214","112","33",110.95423282316,34.8603126350622,2.4422195650888,2,3,-1,-1,0.38626509909386,-0.293446097525571,0.766282188424834,0.571577637377338,183.465579846668,-0.293446097525571,0.766282188424834,0.571577637377338,498.502485966995
"...125","Comae Ber.","020","COM","20131216","175","18",NA,NA,NA,0,0,NA,NA,NA,NA,NA,NA,NA,NA,NA,NA,NA
"...126","Dec. L. Minorids","032","DLM","20131219","161","30",NA,NA,NA,1,0,NA,NA,NA,NA,NA,NA,NA,NA,NA,NA,NA
"...127","Ursids","015","URS","20131222","217","76",NA,NA,NA,1,0,NA,NA,NA,NA,NA,NA,NA,NA,NA,NA,NA
"...128","﻿Quadrantids","010","QUA","20140103","230","49",202.407651679097,34.8397382409939,12.2383160355133,3,6,-1,-1,0.559037519617177,-0.758782326923237,-0.312866061280353,0.571282949201073,5.47951279682604,-0.758782326923238,-0.312866061280353,0.571282949201073,6.35989658098156
"...129","α-Centaurids","102","ACE","20140208","210","-59",155.136156728635,21.7588707965893,9.70010819343134,2,3,-1,-1,0.429498213404379,-0.842665695135825,0.390506235717463,0.370701235642713,11.6297627046532,-0.842665695135825,0.390506235717462,0.370701235642713,22.8209637652939
"...130","γ-Normids","118","GNO","20140314","239","-50",NA,NA,NA,0,0,NA,NA,NA,NA,NA,NA,NA,NA,NA,NA,NA
"...131","Lyrids","006","LYR","20140422","271","34",273.373444184535,27.6456984730627,4.39120703742513,24,300,-1,-1,0.207384589030412,0.0521257340706296,-0.884298812326591,0.464002713747859,6.80984816121613,0.0521257340706297,-0.884298812326591,0.464002713747859,6.88447502964634
"...132","π-Puppids","137","PPU","20140423","110","-45",236.639684236954,25.3545197772664,12.1236733391311,4,10,-1,-1,0.149771013270484,-0.496933297437655,-0.754775917666597,0.428217949189763,4.46690594500775,-0.496933297437655,-0.754775917666596,0.428217949189763,5.89689153735903
"...133","η-Aquariids","031","ETA","20140506","338","-1",NA,NA,NA,1,1,NA,NA,NA,NA,NA,NA,NA,NA,NA,NA,NA
"...134","η-Lyrids","145","ELY","20140508","287","44",NA,NA,NA,0,0,NA,NA,NA,NA,NA,NA,NA,NA,NA,NA,NA
"...135","June Bootids","170","JBO","20140627","224","48",NA,NA,NA,0,0,NA,NA,NA,NA,NA,NA,NA,NA,NA,NA,NA
"...136","Piscis Austrinids","183","PAU","20140728","341","-30",NA,NA,NA,0,0,NA,NA,NA,NA,NA,NA,NA,NA,NA,NA,NA
"...137","S. δ-Aquariids","005","SDA","20140730","340","-16",NA,NA,NA,0,0,NA,NA,NA,NA,NA,NA,NA,NA,NA,NA,NA
"...138","α-Capricornids","001","CAP","20140730","307","-10",NA,NA,NA,0,0,NA,NA,NA,NA,NA,NA,NA,NA,NA,NA,NA
"...139","Perseids","007","PER","20140813","48","58",49.9160635324092,54.7423012903059,2.1242696965644,86,3741,-1,-1,1.3999208343282e-06,0.371699721719314,0.441658866067434,0.81656399804168,8.36193340770151,0.371699721719314,0.441658866067434,0.81656399804168,8.43235708610061
"...140","κ-Cygnids","012","KCG","20140818","286","59",NA,NA,NA,0,0,NA,NA,NA,NA,NA,NA,NA,NA,NA,NA,NA
"...141","Aurigids","206","AUR","20140901","91","39",NA,NA,NA,1,0,NA,NA,NA,NA,NA,NA,NA,NA,NA,NA,NA
"...142","Sept. ε-Perseids","208","SPE","20140909","48","40",293.998203034309,13.7318007896476,30.5151867839792,3,6,-1,-1,0.35348902699632,0.395083267715514,-0.887446452866643,0.237377346993441,0.881359739864459,0.395083267715514,-0.887446452866643,0.237377346993441,0.92313732486447
"...143","Draconids","009","DRA","20141008","262","54",119.263377747497,34.1494021065268,17.1180652436343,3,6,-1,-1,0.553611392459045,-0.404540098195171,0.721962868326412,0.561352764053176,2.80076015214988,-0.404540098195171,0.721962868326412,0.561352764053176,3.07076570165741
"...144","S. Taurids","002","STA","20141010","32","9",94.9746184337643,21.6015283223888,20.9435956262571,3,6,-1,-1,0.0461421654686298,-0.080624184651162,0.926264429985009,0.368149353651315,1.87103876464995,-0.080624184651162,0.926264429985009,0.368149353651315,3.33689591253055
"...145","δ-Aurigids","224","DAU","20141011","84","44",125.504400393434,15.7617678404416,13.0732589130317,2,3,-1,-1,0.306004455510012,-0.55892838683016,0.783461415706964,0.271638120472578,6.40259874785062,-0.55892838683016,0.783461415706964,0.271638120472578,19.0037563164703
"...146","ε-Geminids","023","EGE","20141018","102","27",103.502207036341,34.1431291689223,11.273915081652,5,15,-1,-1,0.658645684636347,-0.193239272682643,0.804762932242717,0.561262154773674,4.30471591454358,-0.193239272682643,0.804762932242717,0.561262154773674,4.4595581231626
"...147","Orionids","008","ORI","20141021","95","16",90.3175706033664,43.3932168308681,13.1939415686957,9,45,-1,-1,0.596297568822021,-0.00402758122328301,0.72664484746116,0.687001487805986,1.88580226052931,-0.00402758122328299,0.72664484746116,0.687001487805986,1.88753015004976
"...148","Leonis Minorids","022","LMI","20141024","162","37",111.957938270809,6.33235187423545,11.8513672401157,8,36,-1,-1,0.378777260971956,-0.371644449475413,0.921800032086891,0.110295530366029,2.5969634874452,-0.371644449475413,0.921800032086891,0.110295530366029,2.64181514166431
"...149","N. Taurids","017","NTA","20141112","58","22",59.4910675504613,-4.19871717420191,14.0314554811107,16,136,-1,-1,0.00196270130160411,0.506310151122603,0.859237724722738,-0.0732158677029738,0.980823579782549,0.506310151122602,0.859237724722738,-0.0732158677029739,1.02108542852763
"...150","Leonids","013","LEO","20141117","152","22",139.34802402706,19.040212293465,9.73229773549907,37,703,-1,-1,3.51936418794432e-10,-0.717173109851786,0.61582109848748,0.326231674064907,0.912075720527325,-0.717173109851786,0.61582109848748,0.326231674064907,0.943169212775942
"...151","α-Monocerotids","246","AMO","20141121","117","1",NA,NA,NA,0,0,NA,NA,NA,NA,NA,NA,NA,NA,NA,NA,NA
"...152","Phoenicids","254","PHO","20141206","18","-53",NA,NA,NA,0,0,NA,NA,NA,NA,NA,NA,NA,NA,NA,NA,NA
"...153","Puppid-Velids","301","PUP","20141207","123","-45",NA,NA,NA,0,0,NA,NA,NA,NA,NA,NA,NA,NA,NA,NA,NA
"...154","Monocerotids","019","MON","20141209","100","8",NA,NA,NA,0,0,NA,NA,NA,NA,NA,NA,NA,NA,NA,NA,NA
"...155","σ-Hydrids","016","HYD","20141212","127","2",NA,NA,NA,0,0,NA,NA,NA,NA,NA,NA,NA,NA,NA,NA,NA
"...156","Geminids","004","GEM","20141214","112","33",NA,NA,NA,0,0,NA,NA,NA,NA,NA,NA,NA,NA,NA,NA,NA
"...157","Comae Ber.","020","COM","20141216","175","18",NA,NA,NA,0,0,NA,NA,NA,NA,NA,NA,NA,NA,NA,NA,NA
"...158","Dec. L. Minorids","032","DLM","20141220","161","30",NA,NA,NA,0,0,NA,NA,NA,NA,NA,NA,NA,NA,NA,NA,NA
"...159","Ursids","015","URS","20141222","217","76",NA,NA,NA,0,0,NA,NA,NA,NA,NA,NA,NA,NA,NA,NA,NA
"...160","﻿Quadrantids","010","QUA","20150104","230","49",NA,NA,NA,0,0,NA,NA,NA,NA,NA,NA,NA,NA,NA,NA,NA
"...161","α-Centaurids","102","ACE","20150208","210","-59",NA,NA,NA,0,0,NA,NA,NA,NA,NA,NA,NA,NA,NA,NA,NA
"...162","γ-Normids","118","GNO","20150315","239","-50",NA,NA,NA,0,0,NA,NA,NA,NA,NA,NA,NA,NA,NA,NA,NA
"...163","Lyrids","006","LYR","20150422","271","34",NA,NA,NA,0,0,NA,NA,NA,NA,NA,NA,NA,NA,NA,NA,NA
"...164","π-Puppids","137","PPU","20150424","110","-45",NA,NA,NA,0,0,NA,NA,NA,NA,NA,NA,NA,NA,NA,NA,NA
"...165","η-Aquariids","031","ETA","20150506","338","-1",NA,NA,NA,0,0,NA,NA,NA,NA,NA,NA,NA,NA,NA,NA,NA
"...166","η-Lyrids","145","ELY","20150509","287","44",NA,NA,NA,0,0,NA,NA,NA,NA,NA,NA,NA,NA,NA,NA,NA
"...167","June Bootids","170","JBO","20150627","224","48",NA,NA,NA,0,0,NA,NA,NA,NA,NA,NA,NA,NA,NA,NA,NA
"...168","Piscis Austr.","183","PAU","20150728","341","-30",NA,NA,NA,0,0,NA,NA,NA,NA,NA,NA,NA,NA,NA,NA,NA
"...169","S. δ-Aquariids","005","SDA","20150730","340","-16",NA,NA,NA,0,0,NA,NA,NA,NA,NA,NA,NA,NA,NA,NA,NA
"...170","α-Capricornids","001","CAP","20150730","307","-10",NA,NA,NA,0,0,NA,NA,NA,NA,NA,NA,NA,NA,NA,NA,NA
"...171","Perseids","007","PER","20150813","48","58",NA,NA,NA,0,0,NA,NA,NA,NA,NA,NA,NA,NA,NA,NA,NA
"...172","κ-Cygnids","012","KCG","20150818","286","59",NA,NA,NA,0,0,NA,NA,NA,NA,NA,NA,NA,NA,NA,NA,NA
"...173","Aurigids","206","AUR","20150901","91","39",NA,NA,NA,0,0,NA,NA,NA,NA,NA,NA,NA,NA,NA,NA,NA
"...174","Sept. ε-Perseids","208","SPE","20150909","48","40",NA,NA,NA,0,0,NA,NA,NA,NA,NA,NA,NA,NA,NA,NA,NA
"...175","Draconids","009","DRA","20151009","262","54",NA,NA,NA,0,0,NA,NA,NA,NA,NA,NA,NA,NA,NA,NA,NA
"...176","S. Taurids","002","STA","20151010","32","9",NA,NA,NA,0,0,NA,NA,NA,NA,NA,NA,NA,NA,NA,NA,NA
"...177","δ-Aurigids","224","DAU","20151011","84","44",NA,NA,NA,0,0,NA,NA,NA,NA,NA,NA,NA,NA,NA,NA,NA
"...178","ε-Geminids","023","EGE","20151018","102","27",NA,NA,NA,0,0,NA,NA,NA,NA,NA,NA,NA,NA,NA,NA,NA
"...179","Orionids","008","ORI","20151021","95","16",NA,NA,NA,0,0,NA,NA,NA,NA,NA,NA,NA,NA,NA,NA,NA
"...180","Leonis Minorids","022","LMI","20151024","162","37",NA,NA,NA,0,0,NA,NA,NA,NA,NA,NA,NA,NA,NA,NA,NA
"...181","N. Taurids","017","NTA","20151112","58","22",NA,NA,NA,0,0,NA,NA,NA,NA,NA,NA,NA,NA,NA,NA,NA
"...182","Leonids","013","LEO","20151118","152","22",258.990386102586,72.9384383246311,19.1906109221235,5,15,-1,-1,0.474874995089406,-0.0560315016414208,-0.287999076697707,0.955990064093281,1.48564967912876,-0.0560315016414207,-0.287999076697707,0.955990064093281,1.53299009101019
"...183","α-Monocerotids","246","AMO","20151122","117","1",NA,NA,NA,0,0,NA,NA,NA,NA,NA,NA,NA,NA,NA,NA,NA
"...184","Phoenicids","254","PHO","20151206","18","-53",NA,NA,NA,0,0,NA,NA,NA,NA,NA,NA,NA,NA,NA,NA,NA
"...185","Puppid-Velids","301","PUP","20151207","123","-45",NA,NA,NA,0,0,NA,NA,NA,NA,NA,NA,NA,NA,NA,NA,NA
"...186","Monocerotids","019","MON","20151209","100","8",122.180308861953,17.8620667679193,9.34537770572661,20,210,-1,-1,0.721824549659906,-0.506913577739729,0.805578956735714,0.306726538088419,1.78991436205386,-0.506913577739729,0.805578956735714,0.306726538088419,1.77975803917978
"...187","σ-Hydrids","016","HYD","20151212","127","2",NA,NA,NA,0,0,NA,NA,NA,NA,NA,NA,NA,NA,NA,NA,NA
"...188","Geminids","004","GEM","20151214","112","33",NA,NA,NA,0,0,NA,NA,NA,NA,NA,NA,NA,NA,NA,NA,NA
"...189","Comae Ber.","020","COM","20151216","175","18",NA,NA,NA,0,0,NA,NA,NA,NA,NA,NA,NA,NA,NA,NA,NA
"...190","Dec. L. Minorids","032","DLM","20151220","161","30",NA,NA,NA,1,1,NA,NA,NA,NA,NA,NA,NA,NA,NA,NA,NA
"...191","Ursids","015","URS","20151223","217","76",NA,NA,NA,0,0,NA,NA,NA,NA,NA,NA,NA,NA,NA,NA,NA
"...192","﻿Quadrantids","010","QUA","20160104","230","49",229.07777595313,44.8915862252214,2.40953669520684,88,3916,-1,-1,0.000951220857399729,-0.464054532845501,-0.535299508082652,0.705767544728443,6.35313624362624,-0.464054532845501,-0.535299508082652,0.705767544728443,6.38868686865413
"...193","α-Centaurids","102","ACE","20160208","210","-59",NA,NA,NA,0,0,NA,NA,NA,NA,NA,NA,NA,NA,NA,NA,NA
"...194","γ-Normids","118","GNO","20160314","239","-50",NA,NA,NA,0,0,NA,NA,NA,NA,NA,NA,NA,NA,NA,NA,NA
"...195","Lyrids","006","LYR","20160422","271","34",NA,NA,NA,0,0,NA,NA,NA,NA,NA,NA,NA,NA,NA,NA,NA
"...196","π-Puppids","137","PPU","20160423","110","-45",NA,NA,NA,0,0,NA,NA,NA,NA,NA,NA,NA,NA,NA,NA,NA
"...197","η-Aquariids","031","ETA","20160505","338","-1",NA,NA,NA,0,0,NA,NA,NA,NA,NA,NA,NA,NA,NA,NA,NA
"...198","η-Lyrids","145","ELY","20160508","287","44",NA,NA,NA,0,0,NA,NA,NA,NA,NA,NA,NA,NA,NA,NA,NA
"...199","Dayt. Arietids","171","ARI","20160607","44","24",NA,NA,NA,0,0,NA,NA,NA,NA,NA,NA,NA,NA,NA,NA,NA
"...200","June Bootids","170","JBO","20160627","224","48",NA,NA,NA,0,0,NA,NA,NA,NA,NA,NA,NA,NA,NA,NA,NA
"...201","Piscis Austr.","183","PAU","20160728","341","-30",NA,NA,NA,0,0,NA,NA,NA,NA,NA,NA,NA,NA,NA,NA,NA
"...202","S. δ-Aquariids","005","SDA","20160730","340","-16",NA,NA,NA,0,0,NA,NA,NA,NA,NA,NA,NA,NA,NA,NA,NA
"...203","α-Capricornids","001","CAP","20160730","307","-10",NA,NA,NA,0,0,NA,NA,NA,NA,NA,NA,NA,NA,NA,NA,NA
"...204","Perseids","007","PER","20160812","48","58",NA,NA,NA,0,0,NA,NA,NA,NA,NA,NA,NA,NA,NA,NA,NA
"...205","κ-Cygnids","012","KCG","20160817","286","59",NA,NA,NA,0,0,NA,NA,NA,NA,NA,NA,NA,NA,NA,NA,NA
"...206","Aurigids","206","AUR","20160831","91","39",NA,NA,NA,0,0,NA,NA,NA,NA,NA,NA,NA,NA,NA,NA,NA
"...207","Sept. ε-Perseids","208","SPE","20160909","48","40",NA,NA,NA,0,0,NA,NA,NA,NA,NA,NA,NA,NA,NA,NA,NA
"...208","Dayt. Sextantids","221","DSX","20160927","152","0",NA,NA,NA,0,0,NA,NA,NA,NA,NA,NA,NA,NA,NA,NA,NA
"...209","Draconids","009","DRA","20161008","262","54",NA,NA,NA,0,0,NA,NA,NA,NA,NA,NA,NA,NA,NA,NA,NA
"...210","S. Taurids","002","STA","20161010","32","9",NA,NA,NA,0,0,NA,NA,NA,NA,NA,NA,NA,NA,NA,NA,NA
"...211","δ-Aurigids","224","DAU","20161011","84","44",NA,NA,NA,0,0,NA,NA,NA,NA,NA,NA,NA,NA,NA,NA,NA
"...212","ε-Geminids","023","EGE","20161018","102","27",NA,NA,NA,0,0,NA,NA,NA,NA,NA,NA,NA,NA,NA,NA,NA
"...213","Orionids","008","ORI","20161021","95","16",NA,NA,NA,0,0,NA,NA,NA,NA,NA,NA,NA,NA,NA,NA,NA
"...214","Leonis Minorids","022","LMI","20161024","162","37",NA,NA,NA,0,0,NA,NA,NA,NA,NA,NA,NA,NA,NA,NA,NA
"...215","N. Taurids","017","NTA","20161112","58","22",NA,NA,NA,0,0,NA,NA,NA,NA,NA,NA,NA,NA,NA,NA,NA
"...216","Leonids","013","LEO","20161117","152","22",NA,NA,NA,0,0,NA,NA,NA,NA,NA,NA,NA,NA,NA,NA,NA
"...217","α-Monocerotids","246","AMO","20161121","117","1",NA,NA,NA,0,0,NA,NA,NA,NA,NA,NA,NA,NA,NA,NA,NA
"...218","Nov. Orionids","250","NOO","20161128","91","16",NA,NA,NA,0,0,NA,NA,NA,NA,NA,NA,NA,NA,NA,NA,NA
"...219","Phoenicids","254","PHO","20161202","18","-53",NA,NA,NA,0,0,NA,NA,NA,NA,NA,NA,NA,NA,NA,NA,NA
"...220","Puppid-Velids","301","PUP","20161207","123","-45",NA,NA,NA,0,0,NA,NA,NA,NA,NA,NA,NA,NA,NA,NA,NA
"...221","Monocerotids","019","MON","20161208","100","8",NA,NA,NA,0,0,NA,NA,NA,NA,NA,NA,NA,NA,NA,NA,NA
"...222","σ-Hydrids","016","HYD","20161211","127","2",NA,NA,NA,0,0,NA,NA,NA,NA,NA,NA,NA,NA,NA,NA,NA
"...223","Geminids","004","GEM","20161214","112","33",NA,NA,NA,0,0,NA,NA,NA,NA,NA,NA,NA,NA,NA,NA,NA
"...224","Comae Ber.","020","COM","20161215","175","18",NA,NA,NA,0,0,NA,NA,NA,NA,NA,NA,NA,NA,NA,NA,NA
"...225","Dec. L. Minorids","032","DLM","20161219","161","30",NA,NA,NA,0,0,NA,NA,NA,NA,NA,NA,NA,NA,NA,NA,NA
"...226","Ursids","015","URS","20161222","217","76",NA,NA,NA,0,0,NA,NA,NA,NA,NA,NA,NA,NA,NA,NA,NA
"...227",NA,NA,NA,"20091020",NA,NA,NA,NA,NA,1,0,NA,NA,NA,NA,NA,NA,NA,NA,NA,NA,NA
"...228",NA,NA,NA,"20091120",NA,NA,NA,NA,NA,1,0,NA,NA,NA,NA,NA,NA,NA,NA,NA,NA,NA
"p-value...229",NA,NA,NA,"20091214",NA,NA,113.961365520921,31.0588523968906,4.41295675494502,20,190,-1,-1,0.00167911609845842,-0.347898220045889,0.782812352733777,0.515918257959835,8.02724700797294,-0.347898220045889,0.782812352733777,0.515918257959835,8.50624031798541
"p-value...230",NA,NA,NA,"20100103",NA,NA,248.460029960673,26.6377269835758,10.3531434641726,14,91,-1,-1,1.03726036926092e-07,-0.328180592724285,-0.831433574381099,0.448347755599386,2.04178280268209,-0.328180592724285,-0.831433574381099,0.448347755599386,2.333009244372
